{
  "soma": {
    "+": 0.45265580869116484,
    "*": 0.11368195363323305,
    "-": 0.433662237675602,
    "/": 0.0
  },
  "add": {
    "+": 0.8809523809523809,
    "*": 0.05952380952380952,
    "-": 0.05952380952380952
  },
  "adi\u00e7\u00e3o": {
    "+": 0.9666259666259666,
    "*": 0.013024013024013023,
    "-": 0.02035002035002035
  },
  "adicionar": {
    "+": 0.96,
    "*": 0.02,
    "-": 0.02
  },
  "total": {
    "+": 1.0
  },
  "sub": {
    "-": 0.7563025210084034,
    "+": 0.20168067226890757,
    "/": 0.04201680672268908
  },
  "menos": {
    "-": 0.95,
    "+": 0.02
  },
  "subtra\u00e7\u00e3o": {
    "-": 0.95,
    "+": 0.02
  },
  "diferen\u00e7a": {
    "-": 0.95
  },
  "mult": {
    "*": 0.9,
    "+": 0.1,
    "/": 0.0
  },
  "vezes": {
    "*": 0.95
  },
  "multiplica\u00e7\u00e3o": {
    "*": 0.95
  },
  "produto": {
    "*": 0.95
  },
  "div": {
    "/": 0.9,
    "%": 0.1,
    "-": 0.0
  },
  "divis\u00e3o": {
    "/": 0.95
  },
  "maior": {
    ">": 0.8,
    ">=": 0.2
  },
  "menor": {
    "<": 0.8,
    "<=": 0.2
  },
  "igual": {
    "==": 0.9
  },
  "generic": {
    "+": 0.17250022759783434,
    "-": 0.6071769057502583,
    "*": 0.19895972847624463,
    "/": 0.02136313817566277
  }
}