{
  "soma": {
    "+": 0.6788839588460835,
    "*": 0.06669495991919486,
    "-": 0.25442108123472157,
    "/": 0.0
  },
  "add": {
    "+": 0.8809523809523809,
    "*": 0.05952380952380952,
    "-": 0.05952380952380952
  },
  "sub": {
    "-": 0.9,
    "+": 0.05,
    "/": 0.05
  },
  "mult": {
    "*": 0.9,
    "+": 0.1,
    "/": 0.0
  },
  "div": {
    "/": 0.9,
    "%": 0.1,
    "-": 0.0
  },
  "maior": {
    ">": 0.8,
    ">=": 0.2
  },
  "generic": {
    "+": 0.00838858326609527,
    "-": 0.7275936160940827,
    "*": 0.238417876121709,
    "/": 0.025599924518112993
  }
}